stems,pos,Total_Count
data,NNS,1340
experi,NN,236
build,NN,123
engin,NN,110
pipelin,NNS,104
design,NN,74
engin,NNS,71
process,NN,58
work,NN,56
year,NNS,56
etl,NN,53
system,NNS,51
analyt,NNS,50
manag,NN,47
work,VBG,46
develop,VB,46
qualiti,NN,45
tool,NNS,44
model,VBG,42
team,NN,41
product,NN,40
infrastructur,NN,39
big,JJ,38
maintain,NN,38
pipelin,NN,36
implement,NN,35
integr,NN,35
wareh,VBG,34
model,NNS,34
scientist,NNS,33
warehous,NN,33
solut,NNS,32
sourc,NNS,32
team,NNS,31
platform,NN,31
larg,JJ,31
use,VBG,30
knowledg,NN,30
set,NNS,29
transform,NN,29
support,NN,29
need,NNS,27
process,NNS,27
perform,NN,27
analyst,NNS,26
strong,JJ,25
busi,NN,25
softwar,NN,25
understand,NN,25
understand,VBG,24
architectur,NN,23
analysi,NN,23
collabor,NN,23
complex,JJ,23
ensur,VB,21
scienc,NN,21
creat,NN,21
within,IN,19
sql,NN,19
scalabl,JJ,19
5+,CD,19
ingest,NN,18
lake,NNS,18
distribut,VBN,18
spark,NN,17
best,JJS,17
practic,NNS,17
provid,NN,17
machin,NN,17
visual,NN,17
issu,NNS,17
scale,NN,17
expertis,NN,17
includ,VBG,17
highli,RB,17
effici,NN,16
storag,NN,16
govern,NN,16
learn,VBG,16
use,NN,16
maintain,VBG,16
api,NN,16
etc,NN,16
product,NNS,16
across,IN,16
lake,NN,15
hadoop,NN,15
warehous,NNS,15
new,JJ,15
python,NN,15
profici,NN,15
analyz,NN,14
structur,NNS,14
algorithm,NN,14
abil,NN,14
compani,NN,14
tools:,NN,13
airflow,NN,13
stream,VBG,13
develop,VBG,13
technic,JJ,13
skill,NNS,13
deep,NN,13
schema,NN,13
avail,JJ,13
insight,NNS,13
servic,NNS,13
close,RB,12
workflow,NNS,12
manag,NNS,12
relat,JJ,12
manag,VBG,12
monitor,NN,12
collect,NN,12
look,VBG,12
extract,NN,12
stakehold,NNS,12
hands-on,NN,12
help,NN,12
secur,NN,11
analyz,VBG,11
3+,CD,11
expert,NN,11
architect,NN,11
autom,NN,11
data-driven,JJ,11
platform,NNS,11
metadata,NNS,11
develop,NN,11
plu,CC,11
requir,VBN,11
improv,NNS,11
intern,JJ,11
candid,NN,10
report,NN,10
identifi,VB,10
standard,NNS,10
enabl,JJ,10
train,NN,10
problem,NNS,10
high,JJ,10
technolog,NNS,10
area,NNS,10
improv,VB,10
assist,NN,10
respons,JJ,10
common,JJ,9
familiar,NN,9
real-tim,NN,9
relev,NN,9
must,MD,9
oper,NNS,9
requir,NNS,9
cloud,NN,9
center,NN,9
move,NN,9
store,NNS,9
variou,JJ,9
valid,NN,9
partner,NN,9
kafka,NN,9
large-scal,JJ,9
integr,NNS,9
system,NN,9
gener,NN,9
applic,NNS,9
make,VBG,9
framework,NNS,9
databas,NNS,9
workflow,NN,9
databas,NN,9
passion,NN,9
like,IN,9
make,VB,9
core,NN,9
develop,NNS,8
advanc,NN,8
dispar,NN,8
design,VBG,8
expert,NNS,8
network,NN,8
relat,NN,8
environ,NN,8
demonstr,VBN,8
interfac,NN,8
reliabl,JJ,8
commun,NN,8
role,NN,8
member,NNS,8
lead,NN,8
resourc,NNS,8
deliveri,NN,8
flow,NN,8
wide,JJ,8
ownership,NN,8
batch,NN,8
base,VBN,8
project,NNS,8
part,NN,8
contribut,NN,7
aw,NNS,7
model,NN,7
defin,VBG,7
medic,JJ,7
perform,VBG,7
ideal,NN,7
empow,NN,7
reliabl,NN,7
multipl,NN,7
comput,NN,7
primari,NN,7
techniqu,NNS,7
key,NN,7
access,NN,7
creation,NN,7
alloc,VBN,7
architectur,NNS,7
profession,JJ,7
meet,NN,7
around,IN,6
mentor,NN,6
script,VBG,6
1+,CD,6
bi,NN,6
azkaban,NN,6
8,CD,6
master,NN,6
test,NNS,6
defin,NN,6
manufactur,NN,6
time,NN,6
control,NNS,6
translat,NN,6
luigi,NN,6
custom,NNS,6
custom,NN,6
load,VBG,6
decis,NN,6
differ,JJ,6
alik,RB,6
clean,NN,6
featur,NNS,6
secondari,JJ,6
code,NN,6
eg,NN,6
optim,JJ,6
unstructur,JJ,6
analyst,NN,6
sourc,NN,6
optim,VBG,6
optim,VB,6
strategi,NN,6
extract,VBG,6
set,VBG,6
driven,NN,6
potenti,JJ,6
healthcar,NN,6
procedur,NNS,6
exist,VBG,6
kpi,NN,5
base,NN,5
vision,NN,5
analyt,JJ,5
privaci,NN,5
robust,NN,5
aggreg,NN,5
data-forward,NN,5
right,NN,5
enforc,VBG,5
enterpris,NN,5
backend,NN,5
discoveri,NN,5
posit,NN,5
polici,NNS,5
document,NN,5
inform,NN,5
grow,VBG,5
greater,JJR,5
deliv,VBG,5
intellig,NN,5
support,VBG,5
gcp,NN,5
function,NN,5
investig,NN,5
strive,NN,5
job,NN,5
light,NN,5
reduc,VB,5
extens,JJ,5
rang,NN,5
optim,NN,5
oper,NN,5
parti,NNS,5
client,NNS,5
transact,NN,5
varieti,NN,5
mine,NN,5
ml,NN,5
method,NNS,5
user,NN,5
logic,JJ,5
market,NN,5
divers,NN,4
ideal,RB,4
get,VBG,4
goal,NNS,4
good,JJ,4
senior,JJ,4
conclus,NNS,4
comfort,JJ,4
business',NN,4
easi,JJ,4
dw,NN,4
guid,NN,4
duplic,NNS,4
applic,NN,4
rapidli,RB,4
implement,VBG,4
dictionari,JJ,4
draw,NN,4
power,NN,4
predict,NN,4
ration,VBG,4
miss,VBN,4
protect,NN,4
set,NN,4
also,RB,4
gather,NN,4
prior,RB,4
-,:,4
experienc,JJ,4
experi,NNS,4
extern,JJ,4
nosql,NN,4
class,NN,4
redshift,NN,4
facet,NNS,4
ssd,NN,4
evolv,VBG,4
fault-toler,JJ,4
need,VBN,4
client,NN,4
action,JJ,4
util,VBG,4
establish,VB,4
flexibl,JJ,4
onsit,NN,4
entir,JJ,4
caus,NNS,4
nand,NN,4
web,NN,4
solv,NN,4
enhanc,NN,4
work,NNS,4
friday,NN,4
full-tim,NN,4
assess,NN,4
without,IN,4
limit,NNS,4
architect,VBG,4
thing,NNS,4
tool,VBG,4
4+,CD,4
test,NN,4
person,VBN,4
constantli,RB,4
research,NN,4
person,NN,4
keep,VB,4
root,NN,4
consum,NN,4
dataset,NNS,4
world,NN,4
paid,NN,4
contract,NN,4
scalabl,NN,4
scala,NN,4
row,NNS,4
python-centr,JJ,4
allow,VB,4
includ,VBZ,4
plan,NN,4
when,WRB,4
transact,JJ,4
particip,VB,4
industri,NN,4
result,NNS,4
owner,NN,3
fullstack,NN,3
format,NNS,3
3-5,JJ,3
long-term,JJ,3
someth,NN,3
solv,VBG,3
pacif,NN,3
leverag,VBG,3
mysql,NN,3
solut,VBG,3
percept,NN,3
level,NN,3
recharg,NN,3
next,JJ,3
intuit,JJ,3
familiar,JJ,3
principl,NNS,3
lead,VBG,3
queri,NNS,3
largescal,NN,3
accuraci,NN,3
stack,NN,3
spreadsheet,NN,3
401k,CD,3
stage,NN,3
pattern,NNS,3
find,VBG,3
perfect,NN,3
fleet,NN,3
sourc,VBG,3
made,VBN,3
focu,NN,3
xwing,VBG,3
extract,NNS,3
focus,VBN,3
recommend,NNS,3
prefer,VBN,3
proven,NN,3
function,JJ,3
orchestr,NN,3
70%+,CD,3
postgr,NNS,3
initi,NNS,3
local,JJ,3
provid,VBG,3
picnic,NNS,3
matter,NN,3
migrat,NN,3
high-qual,NN,3
provid,NNS,3
hive,NN,3
metric,NNS,3
–,NN,3
rapid,JJ,3
scratch,NN,3
inconsist,NNS,3
merg,NN,3
search,NN,3
imperfect,NN,3
overlap,NN,3
repres,VBG,3
meaning,NN,3
pm,NN,3
provid,VBZ,3
project,NN,3
manipul,VBG,3
7+,CD,3
multifacet,VBN,3
fundament,NNS,3
small,JJ,3
improv,VBG,3
map-reduc,NN,3
sit,NN,3
relax,NN,3
simul,NN,3
1,CD,3
similar,JJ,3
interact,NN,3
operation,NN,3
go,VB,3
mart,NN,3
googl,NN,3
shape,NN,3
year,NN,3
grow,NN,3
grow,NNS,3
growth,NN,3
scale,VBG,3
guarante,NN,3
ninja-level,JJ,3
gap,NNS,3
exploratori,NN,3
ai,NN,3
term,NNS,3
dental,NN,3
visa,NN,3
sure,NN,3
aggreg,VBG,3
activ,NN,3
stream,NNS,3
visual,NNS,3
background,NN,3
backbon,NN,3
visual,RB,3
cross-funct,RB,3
deliv,NN,3
catalog,VBG,3
earli,RB,3
storytel,VBG,3
task,NNS,3
deploy,NN,3
connect,NNS,3
compon,NN,3
troubleshoot,NN,3
suppli,NN,3
effici,RB,3
capac,NN,3
continu,JJ,3
success,JJ,3
tri,VBG,3
design,NNS,3
transport,NN,3
valid,NNS,3
subject,NN,3
effect,JJ,3
advanc,JJ,3
brokerag,NN,3
structur,VBN,3
consist,NN,3
autonomi,NN,3
case,NNS,3
ampl,NN,3
startup,NN,3
execut,NN,3
tableau,NN,3
combin,VBG,3
app,NN,3
time-zon,NN,3
databasesdata,NN,3
way,NN,3
stong,NN,3
evangel,VB,3
well,RB,3
concern,NNS,3
direct,JJ,3
amplitud,NN,3
toward,NNS,3
wine-down,NNS,3
custom,VBN,3
acquir,VB,3
aspect,NNS,3
tabl,NNS,3
amazon,NN,3
area,NN,3
dimension,NN,3
types:,NN,3
conduct,VBG,3
collect,VBG,3
map,NN,2
resolv,NN,2
method,NN,2
mappingdesign,NN,2
report,NNS,2
type:,NN,2
concept,NN,2
mentor,VBG,2
tune,NN,2
concept,NNS,2
mart,NNS,2
repositori,NN,2
massag,NNS,2
massiv,JJ,2
turn,NN,2
consolid,NN,2
mechan,JJ,2
repositori,NNS,2
tune,VBG,2
leverag,NN,2
resolv,VBG,2
manner,NN,2
explor,NN,2
dashboard,NNS,2
road,NN,2
aggreg,NNS,2
learn,NN,2
leadership,NN,2
toptal,NN,2
top,NN,2
data-min,NN,2
data-rel,JJ,2
rubi,NN,2
data:,NN,2
larger,JJR,2
languag,NNS,2
lang,NN,2
landscap,NN,2
databases;,NN,2
lifecycl,NN,2
light,NNS,2
curat,VBN,2
machinedeep,NN,2
context,NN,2
convert,NN,2
corp,NN,2
major,JJ,2
mainten,NN,2
wurl,NN,2
rest,NN,2
agil,NN,2
track,NN,2
transfer,NN,2
love,NNS,2
critic,JJ,2
cross,NN,2
cultur,NN,2
load,NN,2
linux,NN,2
transform,NNS,2
cluster,NN,2
microservic,NNS,2
beauti,NN,2
plan,NNS,2
audit,NNS,2
volum,NN,2
autom,VBG,2
autom,VBN,2
avail,NN,2
babi,NN,2
perform,NNS,2
past,NN,2
broad,JJ,2
benefits:,NN,2
10tb,CD,2
bia,NN,2
parti,NN,2
blinki,NN,2
queri,VBG,2
queries;,NN,2
boundari,NNS,2
attent,NN,2
asset,NNS,2
assembl,RB,2
protocol,NNS,2
production,VBG,2
‘big,NN,2
problems;,NN,2
production-grad,NN,2
analys,NNS,2
analyt,RB,2
andor,NN,2
preserv,NN,2
program,NNS,2
appli,VB,2
power,JJ,2
appropri,NN,2
architect,NNS,2
well-docu,JJ,2
promot,NN,2
portal,NN,2
wa,NN,2
vendor,NNS,2
buildingoper,NN,2
with:,NN,2
relatedinstru,NNS,2
user,NNS,2
networkdata,NNS,2
cleans,NNS,2
cleans,VBG,2
nation,JJ,2
coach,NN,2
code,VBG,2
multi-year,JJ,2
us,PRP,2
organ,VBN,2
combin,NN,2
mongo,NN,2
modifi,NN,2
modern,JJ,2
commerci,JJ,2
competit,JJ,2
reliabl,RB,2
remot,NN,2
chang,NNS,2
regul,VBN,2
no,DT,2
non-rel,JJ,2
organ,NNS,2
oracl,NN,2
rdb,NN,2
california,NN,2
campu,NN,2
utilization:,NN,2
capabl,NNS,2
captur,NN,2
util,VB,2
oper,JJ,2
center,NNS,2
central,JJ,2
recommend,VBN,2
often,RB,2
chain,NN,2
challeng,NNS,2
util,JJ,2
rubrik',NN,2
amongst,NN,2
tandem,NN,2
flow,NNS,2
select,NN,2
self-serv,NN,2
flex,VBG,2
flight,NN,2
amount,NNS,2
abl,JJ,2
disney,NN,2
especi,RB,2
separ,VBN,2
environment;,NN,2
focus,VBG,2
administr,NN,2
stream,NN,2
server,NN,2
seek,VBG,2
seattl,NN,2
inclin,JJ,2
accur,NN,2
find,VB,2
in-depth,NN,2
action,NN,2
development:,NN,2
implement,VBN,2
abil,NNS,2
scrum,NN,2
season,VBN,2
fix,NNS,2
element,NNS,2
identifi,VBG,2
talent,VBN,2
identifi,NNS,2
dimens,NNS,2
document,VBG,2
servic,NN,2
enough,RB,2
signal,NNS,2
ecosystem,NNS,2
structur,NN,2
academ,JJ,2
effect,RB,2
adher,VBG,2
function,NNS,2
adher,NN,2
hardwar,NN,2
work,VBN,2
geospati,NN,2
simpl,NN,2
elt,NN,2
electr,JJ,2
electron,NNS,2
full,JJ,2
address,NN,2
dust,NN,2
druid,NN,2
guidanc,NN,2
drive,NN,2
freelanc,NN,2
adapt,NN,2
solid,JJ,2
domain,NN,2
dolbi,NN,2
hand,NNS,2
handl,VBG,2
access,JJ,2
administr,JJ,2
enhanc,VBG,2
happiest,NN,2
determin,NNS,2
gather,VBN,2
includ,NN,2
third-parti,NN,2
democrat,VB,2
democraci,NN,2
java,NN,2
evolv,NN,2
star,NN,2
fairi,NN,2
join,NN,2
job,NNS,2
integration;,NN,2
intelligencedata,NN,2
exercis,NNS,2
third,JJ,2
s3vi,NN,2
acquisit,NN,2
detect,NN,2
statist,NNS,2
decision-mak,NN,2
face,NN,2
fact,NNS,2
internship,NNS,2
statist,JJ,2
wrangl,VBD,2
day-to-day,NN,2
investig,NNS,2
involv,VBN,2
staff,NN,2
junior,NN,2
standard,VB,2
tesla,NN,2
scientistsengin,NNS,2
detail-ori,JJ,2
detail,NNS,2
datamodelsrequir,NN,2
field,NNS,2
timeli,NN,2
desktop,NN,2
field,NN,2
innov,NN,2
sprinkl,NN,2
advic,NN,2
standard,NN,2
sale,NNS,2
scientistengin,NN,2
feedback,NN,2
keen,NN,2
scientist,NN,2
workload,NN,2
deploy,VBG,2
store,NN,2
production,NN,1
sole,NN,1
valid,VBG,1
productplatform,NN,1
“big,NN,1
valu,NN,1
state,NN,1
rail,NNS,1
virtual,NN,1
student,NN,1
raw,NN,1
skills:,NN,1
video,NN,1
snowflak,NN,1
structur,JJ,1
sub-millisecond,NN,1
virtual,JJ,1
quit,RB,1
profil,VBG,1
queri,NN,1
program,VBG,1
sponsor,NN,1
splunk,NN,1
prototyp,NNS,1
west,NN,1
sparksql,NN,1
vp,NN,1
space,NN,1
store,VBG,1
volum,NNS,1
youv,NN,1
you,PRP,1
sqlhive,NN,1
stori,NN,1
squar,NN,1
step,NNS,1
profession,NNS,1
visual,VBG,1
strateg,JJ,1
program,NN,1
yet,RB,1
strateg,VBG,1
put,NN,1
sophist,JJ,1
streamlin,NN,1
way,NNS,1
qa,NN,1
wear,NN,1
week,NN,1
web-bas,JJ,1
visa',NN,1
write,NN,1
usa,NN,1
super-charg,NN,1
respons,NN,1
schedul,NN,1
track,VBG,1
result-ori,JJ,1
schedule:,NN,1
transform,VBG,1
technolog,NN,1
respons,NNS,1
scrape,NN,1
tri,NN,1
trillion,CD,1
twitch,NN,1
script,NNS,1
troubleshoot,VBG,1
resolut,NN,1
trustworthi,NN,1
taxonomi,NNS,1
target,NN,1
scriptingdevelop,NN,1
required:,NN,1
requir,VBZ,1
retail,JJ,1
test,VBG,1
retriev,NN,1
retriev,VBG,1
rule,NNS,1
write,VBG,1
rubrik,NN,1
s3,NN,1
timeseri,NNS,1
tool,NN,1
time,RB,1
sagemak,NN,1
toolbox,NN,1
salari,NN,1
save,NNS,1
wrong,JJ,1
tiktok,NN,1
ticdc,NN,1
revenu,NN,1
toyota,NN,1
throughout,IN,1
revamp,VBG,1
thorough,NN,1
requir,VBG,1
take,VBZ,1
read,NN,1
setup,NN,1
use,NNS,1
years',NN,1
synchron,VBG,1
use,VBN,1
sustain,NN,1
rel,NN,1
survey,NN,1
support,VBN,1
refin,NN,1
sever,JJ,1
secur,RB,1
sftp,NN,1
support,NNS,1
recommend,NN,1
recognit,NN,1
reason,NN,1
signific,JJ,1
simsr,NN,1
supplement,NN,1
real,JJ,1
servicenow,NN,1
will:,NN,1
run,VB,1
relationship,NN,1
seek,NN,1
uiux,NN,1
unabl,JJ,1
self-servic,NN,1
semi-autom,NN,1
replic,NN,1
replac,NN,1
repair,NN,1
serv,NN,1
unifiedenterpris,NN,1
uniqu,NN,1
serv,VBG,1
unit,NN,1
unit,NNS,1
univers,NN,1
server,NNS,1
reli,RB,1
systems;,NN,1
unus,JJ,1
product,VBN,1
$150-170k,NN,1
produc,VBG,1
data”,NN,1
deal,NN,1
debug,VBG,1
decis,NNS,1
deepli,NN,1
defin,VBN,1
degre,NN,1
deliv,VBN,1
demand,NN,1
demand,NNS,1
depart,NNS,1
depend,NN,1
depend,NNS,1
deploy,NNS,1
depth,NN,1
designingdevelop,VBG,1
desir,VBN,1
determin,NN,1
developingmaintain,VBG,1
devic,NNS,1
devices;,NN,1
diagram,VBG,1
dbt,NN,1
dataworkflow,NN,1
produc,NN,1
dataset,NN,1
coordin,NNS,1
coordin,VBG,1
corpor,JJ,1
correct,NN,1
correct,VBG,1
cost,NN,1
coverag,NN,1
creativ,JJ,1
creator,NNS,1
credit,NN,1
curat,NN,1
current,JJ,1
customer-fac,NN,1
data!,NN,1
data-bas,JJ,1
data-centr,JJ,1
data-focus,JJ,1
data-scientist,NNS,1
data-set,NN,1
data;,NN,1
dataanalyt,JJ,1
dictionari,NNS,1
digit,NN,1
direct,NN,1
directli,RB,1
enjoy,NNS,1
enrich,VBN,1
ensur,VBG,1
enterprise-class,NN,1
entertain,NN,1
entiti,NN,1
environ,NNS,1
envis,NN,1
equival,NN,1
escal,NNS,1
etlanalyt,NNS,1
etlextract,NN,1
evalu,NN,1
evangel,VBG,1
event,NN,1
evid,NN,1
exampl,NNS,1
excel,NN,1
except,JJ,1
excit,VBN,1
expand,NN,1
enforc,NN,1
end-to-end,NN,1
enabl,VBG,1
effect,NN,1
disney+,NN,1
doe,NN,1
doing:,NN,1
dss,NN,1
easili,RB,1
eco,NN,1
ecosystem,NN,1
edg,NN,1
educ,NN,1
effort,NNS,1
enabl,NNS,1
either,DT,1
elast,JJ,1
elasticach,NN,1
elasticsearch,NN,1
elasticsearchdruid,NN,1
emerg,NN,1
emphasi,NN,1
employe,NNS,1
empow,VBG,1
conveni,NN,1
control,NN,1
continu,NN,1
azur,NN,1
advertisers;,NN,1
alat,NN,1
alert,NNS,1
alert,VBG,1
align,NN,1
allow,NNS,1
allow,VBG,1
along,IN,1
alongsid,RB,1
although,IN,1
alway,RB,1
ant,NN,1
apach,NN,1
apart,RB,1
appli,VBN,1
applications;,NN,1
approach,NN,1
architectur,JJ,1
art,NN,1
at,IN,1
attract,NN,1
adoption-,NN,1
administr,NNS,1
addit,RB,1
3、recommend,CD,1
*3+,NN,1
*perman,NN,1
1-2,JJ,1
1-3,JJ,1
10,CD,1
10+,CD,1
1553,CD,1
2+,CD,1
3,CD,1
4,CD,1
activ,NNS,1
40,CD,1
5,CD,1
6,CD,1
6+,CD,1
6、collabor,CD,1
8+,CD,1
_*candid,NNS,1
abstract,NNS,1
accentur,NN,1
author,VBN,1
bachelor,NNS,1
content,NN,1
basi,NN,1
coast,NN,1
collabor,NNS,1
collabor,VBG,1
collect,VBN,1
come,VBZ,1
commun,NNS,1
commur,NN,1
competit,NN,1
complet,JJ,1
complianc,NN,1
compon,NNS,1
comput,VBG,1
comput,VBN,1
configur,NN,1
configur,NNS,1
connect,VBN,1
construct,NN,1
consult,VBG,1
consum,NNS,1
consum,VBG,1
consum,VBN,1
coach,VBG,1
cluster;,NN,1
cleans,NN,1
bring,VBG,1
befor,IN,1
benchmark,NN,1
beyond,IN,1
bio-tech,NN,1
bonu,NN,1
boost,VBG,1
breath,NN,1
bridg,NN,1
bring,NN,1
bs,NN,1
claim,NNS,1
builder,NN,1
built,NN,1
campus,NNS,1
capabl,JJ,1
care,NN,1
career,NN,1
challeng,VBG,1
check,NNS,1
citizen,NNS,1
expect,VBN,1
exposur,NN,1
extend,NN,1
normal,JJ,1
mean,NN,1
measur,VBG,1
membership,NN,1
meta-data,NN,1
metadatadata,NNS,1
metro,NN,1
microsoft,NN,1
million,NNS,1
mindset,NN,1
mission,NN,1
mission-crit,JJ,1
modern,NN,1
monday,NN,1
months+,NN,1
move,VBG,1
movement,NN,1
mpp,NN,1
multifunct,NN,1
mung,VBG,1
next-gen,NN,1
nirvana,NNS,1
maven,RB,1
math,NN,1
matern,NN,1
low,JJ,1
least,JJS,1
leav,VB,1
less,RBR,1
life,NN,1
limit,JJ,1
lineag,NN,1
log,VBG,1
long,RB,1
love,NN,1
mainspr,VBG,1
master,VBN,1
maker,NNS,1
management:,NN,1
mani,JJ,1
manipul,NN,1
manual,JJ,1
map,NNS,1
mark,NN,1
mask,NN,1
master,VBG,1
non-comput,NN,1
off-nomin,JJ,1
latentview,NN,1
oltp,NN,1
per,IN,1
petabyte-scal,NN,1
physic,JJ,1
piec,NNS,1
pipelin,VBG,1
pleas,NN,1
plus:,NN,1
point,NNS,1
popul,NN,1
posit,NNS,1
possibl,JJ,1
practic,JJ,1
practic,NN,1
prefer,NN,1
prefer,RB,1
prepar,NN,1
princip,NN,1
proactiv,NN,1
proactiv,RB,1
problem,NN,1
problem-solv,NN,1
peoplesoft,NN,1
peer,NNS,1
pattern,NN,1
organiz,JJ,1
on-board,NN,1
onboard,NN,1
ongo,VBG,1
ontolog,NNS,1
open,JJ,1
open-sourc,NN,1
opportun,NNS,1
opt,NN,1
optim,VBN,1
outbound,NN,1
partner,NNS,1
overal,JJ,1
overhead,NN,1
overse,NN,1
own,VBZ,1
packag,NN,1
panda,NNS,1
parent,NN,1
part,NNS,1
part-tim,NN,1
layer,NNS,1
latenc,NNS,1
face,VBG,1
hear,NN,1
fulfil,NN,1
function,RB,1
futur,NN,1
gain,NN,1
gateway,NN,1
gc,NN,1
gch1b,NN,1
gdw,NN,1
gener,VBN,1
geniu,NN,1
geo,NN,1
get,VB,1
global,JJ,1
got,VBD,1
gradl,NN,1
graph,NN,1
grasp,NN,1
growth;,NN,1
guid,VBG,1
guidelin,NNS,1
h4,NN,1
framework,NN,1
frame,NN,1
foundation:,NN,1
financi,JJ,1
facil,NNS,1
facilit,NN,1
facilit,NNS,1
failur,NN,1
fast,NN,1
feed,NNS,1
feeds;,NN,1
feel,NN,1
fidel,NN,1
firmwar,NN,1
foundat,NN,1
first-class,NN,1
five,CD,1
fix,NN,1
flex,NN,1
focus,NNS,1
follow,VBD,1
form,NNS,1
foster,VBG,1
foundat,JJ,1
hack,VBN,1
help,NNS,1
latenc,NN,1
help,VBG,1
ingestionprocess,VBG,1
initi,JJ,1
insight,NN,1
institut,NN,1
instrument,NN,1
integr,VBG,1
integr,VBN,1
interact,JJ,1
interest,NN,1
intersect,NN,1
intim,NN,1
*,NN,1
ivi,NN,1
javascript,NN,1
jenkin,NNS,1
jira,NN,1
junior-level,NN,1
key,NNS,1
kubernet,NNS,1
label,VBG,1
lakedata,NN,1
informatica,NN,1
inform,VBN,1
influenc,NN,1
hr,NN,1
henc,NN,1
high-perform,NN,1
high-tech,NN,1
highest,JJS,1
hire,NN,1
hireart,NN,1
hivesql,NN,1
holiday,NNS,1
hour,NNS,1
https:githubcompingcapticdc,NN,1
industri,JJ,1
huge,JJ,1
hulu,NN,1
human,NN,1
hygien,NN,1
ie,NN,1
imag,NNS,1
impact,NN,1
in-hous,NN,1
includes:,NN,1
目前急招,NN,1
