filtered,count,pos
data,1122,NNS
learning,545,VBG
machine,460,NN
experience,357,NN
analytics,205,NNS
scientists,169,NNS
years,135,NNS
work,129,NN
science,129,NN
deep,119,NN
models,118,NNS
analysis,110,NN
product,109,NN
build,106,NN
research,97,NN
techniques,97,NNS
mining,96,NN
business,94,NN
insights,92,NNS
team,88,NN
engineers,88,NNS
statistical,82,JJ
engineering,72,NN
algorithms,71,NN
design,69,NN
applying,68,VBG
develop,65,VB
including,63,VBG
computer,61,NN
knowledge,60,NN
modeling,59,VBG
strong,59,JJ
new,57,JJ
tools,57,NNS
problems,55,NNS
expertise,54,NN
applied,53,VBN
scientist,52,NN
relevant,51,NN
using,50,VBG
working,49,VBG
systems,48,NNS
software,47,NN
statistics,47,NNS
developing,46,VBG
visualization,46,NN
pipelines,45,NNS
building,45,NN
understanding,45,VBG
complex,44,JJ
processing,44,NN
related,44,JJ
role,44,NN
collaborate,43,NN
field,43,NN
large,42,JJ
clinical,41,JJ
use,41,NN
development,40,NN
drive,40,NN
project,40,NN
health,40,NN
solutions,39,NNS
looking,38,VBG
teams,38,NNS
apply,37,VB
provide,37,NN
industry,37,NN
closely,37,RB
technical,36,JJ
skills,36,NNS
help,35,NN
advanced,34,JJ
partner,34,NN
quantitative,34,NN
products,34,NNS
ml,34,NN
python,32,NN
methods,32,NNS
vision,32,NN
ability,32,NN
scale,30,NN
data-driven,30,JJ
operations,30,NNS
identify,30,VB
one,29,CD
predictive,29,NN
degree,29,NN
sources,29,NNS
projects,29,NNS
solution,28,NN
engineer,28,NN
lead,28,NN
applications,27,NNS
3+,27,CD
trends,27,NNS
5+,27,CD
sets,26,NNS
understand,26,NN
support,26,NN
solve,26,NN
optimization,26,NN
analyze,25,NN
quality,25,NN
deliver,25,NN
ensure,24,VB
infrastructure,24,NN
sql,24,NN
create,24,NN
hands-on,24,NN
manage,24,NN
improve,23,VB
expert,23,NN
model,23,NN
scientific,23,JJ
production,23,NN
across,23,IN
focus,23,NN
subject,22,NN
technologies,22,NNS
responsible,22,JJ
implement,22,NN
marketing,22,NN
various,22,JJ
etc,22,NN
internal,22,JJ
analytical,21,JJ
best,21,JJS
operational,21,JJ
managers,21,NNS
system,20,NN
language,20,NN
state-of-the-art,20,NN
2+,20,CD
technology,20,NN
nlp,20,NN
practical,20,JJ
perform,20,NN
platform,19,NN
requirements,19,NNS
candidate,19,NN
management,19,NN
frameworks,19,NNS
practices,19,NNS
performance,19,NN
big,19,JJ
eg,19,NN
enable,19,JJ
phd,18,NN
medical,18,JJ
networks,17,NNS
strategy,17,NN
plus,17,CC
time,17,NN
andor,17,NN
decision,17,NN
within,17,IN
area,17,NN
evaluate,17,NN
analysts,17,NNS
analyses,17,NNS
minimum,17,NN
areas,16,NNS
dashboards,16,NNS
customer,16,NN
specific,16,JJ
proven,16,NN
analyst,16,NN
matter,16,NN
high,16,JJ
impact,16,NN
information,16,NN
experts,16,NNS
multiple,16,NN
actionable,16,JJ
required,16,VBN
-,16,:
write,16,NN
customers,15,NNS
deploy,15,NN
extract,15,NN
natural,15,JJ
based,15,VBN
public,15,NN
ms,15,NN
intelligence,15,NN
key,15,NN
tableau,14,NN
available,14,JJ
math,14,NN
group,14,NN
mine,14,NN
life,14,NN
training,14,NN
partners,14,NNS
datasets,14,NNS
contribute,14,NN
user,14,NN
providing,14,VBG
causal,13,NN
programming,13,VBG
economics,13,NNS
regression,13,NN
ai,13,NN
digital,13,NN
2,13,CD
world,13,NN
make,13,VB
designing,13,VBG
machine-learning,13,NN
structures,13,NNS
study,13,NN
include,13,NN
implementing,13,VBG
passion,13,NN
company,13,NN
process,13,NN
delivery,13,NN
neural,12,JJ
reinforcement,12,NN
generation,12,NN
detection,12,NN
spark,12,NN
communicate,12,NN
part,12,NN
platforms,12,NNS
physics,12,NNS
effectively,12,RB
end-to-end,12,NN
queries,12,NNS
computational,12,NN
inference,12,NN
plans,12,NNS
maintain,12,NN
used,12,VBN
services,11,NNS
supervised,11,VBN
leverage,11,NN
databases,11,NNS
power,11,NN
solving,11,VBG
improvements,11,NNS
novel,11,NN
c++,11,NN
domain,11,NN
demonstrated,11,VBN
features,11,NNS
mentor,11,NN
concepts,11,NNS
large-scale,11,JJ
familiarity,11,NN
methodologies,11,NNS
risk,11,NN
metrics,11,NNS
able,11,JJ
via,11,IN
ab,11,NN
existing,11,VBG
leveraging,11,VBG
present,11,NN
patterns,11,NNS
ideal,11,NN
background,11,NN
base,11,NN
variety,11,NN
managing,11,VBG
real,10,JJ
code,10,NN
scripts,10,NNS
similar,10,JJ
reports,10,NNS
stakeholders,10,NNS
cross-functional,10,JJ
critical,10,JJ
care,10,NN
innovative,10,JJ
set,10,NN
users,10,NNS
hands,10,NNS
researchers,10,NNS
text,10,NN
4+,10,CD
well,10,RB
basic,10,JJ
unsupervised,10,JJ
highly,10,RB
reporting,10,NN
account,10,NN
also,10,RB
like,10,IN
areas:,10,NN
analyzing,10,VBG
utilize,10,VB
competitive,10,JJ
communication,10,NN
experiences,10,NNS
questions,10,NNS
presentation,10,NN
scikit-learn,10,NN
environment,10,NN
collaborating,9,VBG
conduct,9,NN
ideally,9,RB
position,9,NN
classification,9,NN
assess,9,NN
find,9,VB
opportunities,9,NNS
client,9,NN
opportunity,9,NN
foundation,9,NN
seeking,9,VBG
deploying,9,VBG
cloud,9,NN
processes,9,NNS
implementation,9,NN
space,9,NN
fellow,9,NN
setting,9,VBG
preferred,9,VBN
inform,9,NN
coding,9,VBG
gathering,9,NN
involved,9,VBN
senior,9,JJ
testing,9,VBG
mathematics,9,NNS
massive,9,JJ
leadership,9,NN
efficiency,9,NN
benefits,9,NNS
leading,9,VBG
machinedeep,9,NN
amounts,9,NNS
successful,9,JJ
look,9,NN
equivalent,9,NN
libraries,9,NNS
making,9,VBG
bonus,9,NN
validation,8,NN
decisions,8,NNS
anomaly,8,NN
manager,8,NN
answer,8,NN
scalable,8,JJ
capabilities,8,NNS
pytorch,8,NN
value,8,NN
communicating,8,VBG
art,8,NN
recognition,8,NN
real-world,8,NN
report,8,NN
tensorflow,8,NN
collection,8,NN
fields,8,NNS
supporting,8,VBG
effectiveness,8,NN
test,8,NN
right,8,NN
audience,8,NN
experimentation,8,NN
participate,8,VB
series,8,NN
mobile,8,NN
wide,8,JJ
application,8,NN
monitor,8,NN
image,8,NN
junior,8,NN
following,8,VBG
performing,8,VBG
automation,8,NN
comprehensive,8,NN
designers,8,NNS
efficient,8,NN
clients,8,NNS
written,8,VBN
every,8,DT
computing,8,VBG
financial,8,JJ
solid,7,JJ
records,7,NNS
cutting-edge,7,NN
real-time,7,NN
around,7,IN
graphics,7,NNS
global,7,JJ
electrical,7,JJ
pandas,7,NNS
content,7,NN
current,7,JJ
owners,7,NNS
custom,7,NN
acquisition,7,NN
full,7,JJ
outcomes,7,NNS
beyond,7,IN
optimize,7,VB
writing,7,VBG
data-backed,7,JJ
impactful,7,NN
experienced,7,JJ
utilizing,7,VBG
directly,7,RB
approaches,7,NNS
facing,7,VBG
requires,7,VBZ
cases,7,NNS
useful,7,JJ
external,7,JJ
integration,7,NN
execution,7,NN
problem,7,NN
us,7,PRP
interest,7,NN
5-10,7,JJ
unstructured,7,JJ
experiments,7,NNS
professional,7,JJ
join,7,NN
mentorship,7,NN
initiatives,7,NNS
compiler,7,NN
next,7,JJ
bs,7,NN
accuracy,7,NN
two,7,CD
architecture,7,NN
least,7,JJS
3,7,CD
leader,7,NN
privacy,6,NN
recommendation,6,NN
explore,6,NN
range,6,NN
efforts,6,NNS
creating,6,VBG
r,6,NN
see,6,VB
craft,6,NN
transform,6,NN
dynamic,6,JJ
coverage,6,NN
passionate,6,NN
excellent,6,NN
ready,6,JJ
security,6,NN
primary,6,NN
feature,6,NN
sales,6,NNS
representation,6,NN
fraud,6,NN
trees,6,NNS
degrees,6,NNS
protection,6,NN
quickly,6,RB
exposure,6,NN
uses,6,NNS
translate,6,NN
artificial,6,JJ
evaluation,6,NN
cs,6,NN
results,6,NNS
dive,6,NN
extensive,6,JJ
electronic,6,JJ
graph,6,NN
needs,6,NNS
commercial,6,JJ
action,6,NN
bachelor,6,NN
increase,6,NN
core,6,NN
includes,6,VBZ
object-oriented,6,JJ
institute,6,NN
heuristics,6,NNS
laws,6,NNS
we’re,6,NN
workflow,6,NN
someone,6,NN
images,6,NNS
issues,6,NNS
structured,6,VBN
top,6,NN
consulting,6,VBG
need,6,NN
bring,6,NN
tasks,6,NNS
academic,6,JJ
brand,6,NN
industrial,6,JJ
handling,6,VBG
serve,6,NN
bachelor's,6,NN
mathematical,6,JJ
collaboration,6,NN
combine,6,NN
staff,6,NN
bi,6,NN
behavioral,6,JJ
robotics,5,NNS
experimental,5,NN
7+,5,CD
dental,5,NN
airflow,5,NN
stock,5,NN
cleaning,5,NN
statisticalmachine,5,NN
statistically,5,RB
problems;,5,NN
interact,5,NN
statements,5,NNS
multi-disciplinary,5,JJ
clustering,5,VBG
ways,5,NNS
web,5,NN
develops,5,NNS
journeys,5,NNS
direct,5,JJ
maintaining,5,VBG
tech,5,NN
learningdata,5,NN
learningdeep,5,NN
turn,5,NN
broad,5,JJ
bringing,5,VBG
level,5,NN
regarding,5,VBG
read,5,NN
empirical,5,JJ
ecosystems,5,NNS
recommendations,5,NNS
better,5,RBR
talented,5,VBN
recommend,5,NN
tri,5,NN
uncover,5,NN
meaningful,5,NN
expected,5,VBN
measure,5,NN
expand,5,NN
chain,5,NN
exceptional,5,JJ
different,5,JJ
apis,5,NN
roles,5,NNS
methodology,5,NN
candidates,5,NNS
members,5,NNS
diverse,5,NN
prototyping,5,VBG
reliable,5,JJ
media,5,NNS
provides,5,VBZ
measurement,5,NN
robust,5,NN
batch,5,NN
planning,5,NN
active,5,JJ
accurately,5,RB
verbal,5,NN
given,5,VBN
human,5,NN
train,5,NN
helping,5,VBG
toyota,5,NN
personalization,5,NN
shape,5,NN
traditional,5,JJ
components,5,NNS
aspects,5,NNS
consumers,5,NNS
pms,5,NN
fundamentals,5,NNS
paid,5,NN
online,5,NN
acquire,5,VB
personal,5,JJ
prediction,5,NN
source,5,NN
improvement,5,NN
commerce,5,NN
waveforms,5,NNS
pattern,5,NN
want,5,NN
apps,5,NN
salary,5,NN
industries,5,NNS
architect,5,NN
overall,5,JJ
good,5,JJ
grow,5,NN
flexible,5,JJ
goals,5,NNS
covid-19,5,NN
service,5,NN
objectives,5,NNS
hireart,5,NN
physicians,5,NNS
preferably,5,RB
high-performance,5,NN
funnel,5,NNS
enhance,4,NN
leaders,4,NNS
functional,4,JJ
function,4,NN
high-dimensional,4,JJ
query,4,NN
full-time,4,NN
adequate,4,NN
future,4,NN
influence,4,NN
physical,4,JJ
game,4,NN
engagement,4,NN
analytic,4,JJ
trial,4,NN
30%,4,CD
performs,4,NNS
librariesnumpy,4,NN
additional,4,JJ
lifecycle,4,NN
literature,4,NN
manipulation,4,NN
hardware,4,NN
views,4,NNS
–,4,NN
rd,4,NN
microsoft,4,NN
latest,4,JJS
practice,4,NN
expereince,4,NN
forecasting,4,NN
mlops,4,NNS
iterating,4,VBG
positions,4,NNS
identifying,4,VBG
modern,4,JJ
interpretation,4,NN
aiml,4,NN
multi-dimensional,4,JJ
playing,4,VBG
integrate,4,NN
multi-threading,4,NN
nav,4,NN
five,4,CD
numerical,4,JJ
previous,4,JJ
finance,4,NN
individual,4,JJ
prioritize,4,NN
forum,4,NN
keep,4,VB
member,4,NN
lab,4,NN
hiring,4,VBG
especially,4,RB
organizations,4,NNS
organization,4,NN
etl,4,NN
4,4,CD
european,4,JJ
union,4,NN
neuroscientists,4,NNS
propose,4,NN
exciting,4,VBG
kpis,4,NN
might,4,MD
millions,4,NNS
promote,4,NN
order,4,NN
united,4,JJ
progress,4,NN
play,4,NN
hypothesis,4,NN
innovations,4,NNS
underlying,4,VBG
translation,4,NN
center,4,NN
applicants,4,NNS
together,4,RB
documentation,4,NN
rely,4,RB
determined,4,VBN
retain,4,NN
domains,4,NNS
talent,4,NN
reliability,4,NN
decision-making,4,NN
businesses,4,NNS
bioinformatics,4,NNS
theory,4,NN
community,4,NN
running,4,VBG
applicable,4,JJ
creative,4,JJ
discretionary,4,JJ
track,4,NN
define,4,NN
salesforcecom,4,NN
states,4,NNS
biological,4,JJ
softwarehardware,4,NN
strategically,4,RB
conceptualization,4,NN
cover,4,NN
tackle,4,NN
concert,4,NN
sofrware,4,NN
conclusions,4,NNS
draw,4,NN
cross-functionally,4,RB
spectrum,4,NN
continuous,4,JJ
stack,4,NN
collect,4,NN
recruit,4,NN
stellar,4,NN
constant,4,JJ
simulation,4,NN
capacity,4,NN
specifications,4,NNS
stage,4,NN
rigorous,4,JJ
collaborates,4,NNS
regulations,4,NNS
and,4,CC
scrna-seq,4,NN
commission,4,NN
capture,4,NN
relationships,4,NNS
edge,4,NN
record,4,NN
culture,4,NN
desire,4,NN
descriptive,4,NN
css,4,NN
broader,4,NN
both,4,DT
state,4,NN
adam,3,NN
journey,3,NN
changes,3,NNS
corporate,3,JJ
video,3,NN
channel,3,NNS
mission,3,NN
partnering,3,VBG
growth,3,NN
champion,3,NN
stores,3,NNS
educational,3,JJ
contributions,3,NNS
guidance,3,NN
guide,3,NN
partnership,3,NN
control,3,NN
participation,3,NN
graduate,3,NN
as-a-service,3,NN
strategic,3,JJ
curating,3,VBG
gather,3,NN
cars,3,NNS
csr,3,NN
success,3,NN
curate,3,NN
functions,3,NNS
curiosity,3,NN
semi-structured,3,JJ
sdtmanalysis,3,NN
tracking,3,VBG
sdoh,3,NN
terabyte,3,NN
adjustments,3,NNS
successfully,3,RB
secure,3,NN
gathering;,3,NN
cross,3,NN
studies,3,NNS
structure,3,NN
credit,3,NN
genomics,3,NNS
creators,3,NNS
geospatial,3,NN
shop,3,NN
401k,3,CD
autonomous,3,JJ
5,3,CD
strategies,3,NNS
with,3,IN
self-motivated,3,JJ
js,3,NN
share,3,NN
size,3,NN
healthcare,3,NN
storage,3,NN
volunteer,3,NN
must,3,MD
spatial,3,JJ
offer,3,NN
improving,3,VBG
abilities,3,NNS
close,3,RB
improved,3,VBN
sourcing,3,VBG
offerings,3,NNS
often,3,RB
implications,3,NNS
volumes,3,NNS
insurance,3,NN
clinicians,3,NNS
numpy,3,NN
threats,3,NNS
vulnerabilities,3,NNS
innovators,3,NNS
start,3,NN
standard,3,NN
innovations;,3,NN
way,3,NN
colleagues,3,NNS
authenticity;,3,NN
state-of-art,3,NN
numeric,3,JJ
insight,3,NN
individual’s,3,NN
individuals,3,NNS
independently,3,RB
thorough,3,NN
incorporate,3,NN
tool,3,NN
achieve,3,NN
clinicalhealth,3,NN
high-quality,3,NN
skilled,3,VBN
skill,3,NN
scipy,3,NN
hire,3,NN
70%,3,CD
investigate,3,NN
investigators,3,NNS
hive,3,NN
high-impact,3,NN
consists,3,NNS
signal,3,NN
hidden,3,NN
consultant,3,NN
involving,3,VBG
asir,3,NN
sme,3,NN
imaging,3,VBG
visualizations,3,NNS
automate,3,NN
assist,3,NN
ig,3,NN
solution-oriented,3,JJ
open,3,JJ
tfl,3,NN
interactions,3,NNS
cicd,3,NN
classifiers,3,NNS
acquires,3,NNS
html,3,NN
class,3,NN
textual,3,JJ
optional,3,JJ
scoping,3,VBG
array,3,NN
campus,3,NN
marketplace,3,NN
program,3,NN
line,3,NN
execute,3,NN
responsibility,3,NN
masters,3,NNS
dig,3,NN
master's,3,NN
listings,3,NNS
marketers,3,NNS
algorithm,3,NN
researching,3,VBG
direction,3,NN
discipline,3,NN
researcher,3,NN
research:,3,NN
evaluating,3,VBG
diagnostics,3,NNS
match,3,NN
diagnose,3,NN
app,3,NN
designs,3,NNS
tab,3,NN
exploratory,3,NN
workloads,3,NNS
desired,3,VBN
review,3,NN
reveal,3,NN
detect,3,NN
framework,3,NN
retrieval,3,NN
works,3,NNS
experiment,3,NN
tables,3,NNS
restful,3,NN
tabulation,3,NN
disparate,3,NN
prospects,3,NNS
leverages,3,NNS
ranking,3,VBG
due,3,JJ
behaviors,3,NNS
regression-based,3,JJ
regional,3,JJ
end,3,NN
enables,3,NNS
behavior,3,NN
bayesian,3,NN
protect,3,NN
employer,3,NN
employee,3,NN
ecommerce,3,NN
econometrics,3,NNS
economists,3,NNS
receives,3,NNS
elevate,3,NN
1+,3,CD
ds,3,NN
xgboost,3,NN
quantcast,3,NN
distributed,3,VBN
esg,3,NN
prototypes,3,NNS
along,3,IN
alongside,3,RB
provider,3,NN
dotted,3,VBN
many,3,JJ
entire,3,JJ
ambiguous,3,JJ
enterprise,3,NN
backend,3,NN
best-in-class,3,NN
enjoy,3,NN
driving,3,VBG
procure,3,NN
necessary,3,JJ
approach,3,NN
architecting,3,VBG
schedules,3,NNS
decisioning,3,VBG
predominately,3,RB
sustainable,3,JJ
scaling,3,VBG
architecture;,3,NN
deep-dive,3,JJ
preparation,3,NN
tend,3,NN
findings,3,NNS
defining,3,VBG
definition,3,NN
price,3,NN
primarily,3,RB
files,3,NNS
survival,3,NN
sure,3,NN
supports,3,NNS
supervision,3,NN
coaching,3,VBG
arising,3,VBG
campaign,3,NN
sciences,3,NNS
valuable,3,JJ
meet,3,NN
policy,3,NN
day-to-day,3,NN
supply,3,NN
cadence,3,NN
date,3,NN
day,3,NN
potential,3,JJ
following:,3,NN
figures,3,NNS
3-5,3,JJ
delivering,3,VBG
temporarily,3,RB
extraction,3,NN
eye,3,NN
levels,3,NNS
breadth,3,NN
procedures,3,NNS
matplotlib,3,NN
familiar,3,JJ
dependents,3,NNS
builds,3,NNS
proactive,3,NN
appropriate,3,NN
family,3,NN
feedback,3,NN
demanding,3,VBG
advertisers;,3,NN
prior,3,RB
ffn,3,NN
minimize,2,VB
move,2,NN
state-of-the,2,NN
mlai,2,NN
malicious,2,JJ
week,2,NN
statistic,2,JJ
mllib,2,NN
synthesizing,2,VBG
year,2,NN
telemetry,2,NN
yield,2,NN
mastery,2,NN
methodological,2,JJ
summarization,2,NN
systemsinfrastructureservices,2,NNS
"teller""""",2,NN
major,2,JJ
workflows,2,NNS
"such""",2,NN
startup,2,NN
motivated,2,VBN
succeed,2,VB
taxonomy,2,NN
stay,2,NN
wrangling,2,VBG
step-change,2,NN
modules,2,NNS
sw,2,NN
marketer,2,NN
mindset,2,NN
modernization,2,NN
may,2,MD
synthesize,2,VB
materials,2,NNS
stats,2,NNS
measurementvalidation,2,NN
matplotlibseaborn,2,NN
manipulations,2,NNS
theoretical,2,JJ
take,2,VB
tests,2,NNS
multitude,2,NN
maximize,2,VB
workforce,2,NN
subject-matter,2,NN
moderate,2,NN
myriad,2,NN
subsystems,2,NNS
will: ,2,NN
recognize,2,VB
standing,2,VBG
planner,2,NN
sanctions,2,NNS
presenting,2,VBG
principles,2,NNS
run,2,VB
robots,2,NNS
private,2,JJ
robinhood's,2,NN
utilization,2,NN
roadmap,2,NN
risks,2,NNS
rich,2,JJ
rhombus',2,NN
reviews,2,NNS
produce,2,NN
transaction,2,NN
savings,2,NNS
prescient,2,NN
prep,2,NN
popular,2,JJ
scientists',2,NN
player,2,NN
traffic,2,NN
plotly,2,RB
sciencemarketing,2,VBG
points,2,NNS
sciencemachine,2,NN
scenarios,2,NNS
sciencedata,2,NNS
powering,2,VBG
scienceai,2,NN
trained,2,VBN
validating,2,VBG
pragmatic,2,JJ
usage,2,NN
productionize,2,NN
productionizing,2,VBG
types,2,NNS
published,2,VBN
transparently,2,RB
qa,2,NN
qualification,2,NN
relevance,2,NN
uavs,2,NN
transportation,2,NN
publications,2,NNS
question,2,NN
regards,2,NNS
refine,2,NN
reddit,2,NN
rapid,2,JJ
tree,2,NN
publicly,2,RB
understandable,2,JJ
retail,2,JJ
resources,2,NNS
professionals,2,NNS
restrict,2,NN
responsive,2,NN
profile!,2,NN
prognostics,2,NNS
programmatic,2,JJ
programmers,2,NNS
prototype,2,NN
university,2,NN
programs,2,NNS
resource,2,NN
projects:,2,NN
requiring,2,VBG
unified,2,JJ
varying,2,VBG
pivotal,2,NN
things,2,NNS
pitai,2,NN
onnx,2,NN
topic,2,NN
operation,2,NN
socialcontent,2,NN
optimal,2,JJ
social,2,JJ
snowflake,2,NN
optimizing,2,VBG
options,2,NNS
or,2,CC
oral,2,JJ
organizational,2,JJ
organize,2,VB
sitting,2,VBG
others,2,NNS
visualize,2,NN
ongoing,2,VBG
toolkits,2,NNS
specialists,2,NNS
sports,2,NNS
walking,2,VBG
noise,2,NN
spin-up,2,NN
specifically,2,RB
numbers,2,NNS
object,2,NN
voice,2,NN
of:,2,NN
off,2,IN
spanning,2,VBG
time-series,2,NNS
sound,2,NN
on! ,2,NN
otherwise,2,RB
siri!,2,NN
simplifying,2,VBG
perspective,2,NN
per,2,IN
verify,2,NN
seeing,2,VBG
periods,2,NNS
verification,2,NN
person,2,NN
section,2,NN
peer,2,NN
secondary,2,JJ
photos,2,NNS
search,2,NN
venues,2,NNS
pioneer,2,NN
pipeline,2,NN
people,2,NNS
seeks,2,NN
sidebusiness,2,NN
view,2,NN
package,2,NN
side,2,NN
packages,2,NNS
papers,2,NNS
serving,2,VBG
parental,2,NN
sensor,2,NN
pay,2,NN
videos,2,NNS
sensing,2,VBG
send,2,NN
parts,2,NNS
semantic,2,JJ
segmentation,2,NN
rest,2,NN
languages,2,NNS
form,2,NN
in-house,2,NN
freedom,2,NN
e-commerce,2,NN
friendfinder,2,NN
bachelor’s,2,NN
increased,2,VBN
early-stage,2,NN
babs,2,NN
include:,2,NN
clear,2,JJ
amazing,2,VBG
inc,2,NN
easy,2,JJ
consensus;,2,NN
amgen’s,2,NN
in-depth,2,NN
awareness,2,NN
fundamental,2,JJ
ebay,2,NN
impacting,2,VBG
availability,2,NN
cluster,2,NN
concrete,2,NN
clusteringsegmentation,2,NN
equity,2,NN
duration,2,NN
classical,2,JJ
intellectual,2,JJ
affords,2,NNS
adobe’s,2,NN
adopt,2,NN
consultingdata,2,NNS
ads,2,NNS
discover,2,NN
discovery,2,NN
ensemble,2,JJ
instacart,2,NN
beginning,2,VBG
advocate,2,NN
insights;,2,NN
exceed,2,NN
driven,2,NN
agency,2,NN
initial,2,JJ
aggregation,2,NN
examples,2,NNS
agile,2,NN
data-mining,2,NN
distribution,2,NN
battery,2,NN
document,2,NN
dolby’s,2,NN
domains:,2,NN
ideation,2,NN
ideas,2,NNS
epidemiology,2,NN
assessment,2,NN
higher,2,JJR
as,2,IN
generous,2,JJ
empowers,2,NNS
genomicsproteomic,2,NN
geometry,2,NN
engaging,2,VBG
collaborative,2,NN
collaboratively,2,RB
collected,2,VBN
common,2,JJ
comfortable,2,JJ
either,2,DT
come,2,VB
associated,2,VBN
hard,2,JJ
github,2,NN
hadoopspark,2,NN
enhancing,2,VBG
growing,2,VBG
goal,2,NN
governance,2,NN
ensuring,2,VBG
grade,2,NN
compensation,2,NN
cohesively,2,RB
historical,2,JJ
entity,2,NN
comprehension,2,NN
analytically,2,RB
complies,2,NNS
analytics-relevant,2,JJ
automating,2,VBG
iaas,2,NN
complexity,2,NN
anomalies,2,NNS
enview,2,NN
embedded,2,VBN
codebase,2,NN
hsa,2,NN
entrepreneurial,2,JJ
answering,2,VBG
general,2,JJ
cognitive,2,NN
hours:,2,NN
hours,2,NNS
employees,2,NNS
homebase,2,NN
generate,2,NN
appreciate,2,NN
history,2,NN
integrity,2,NN
combination,2,NN
cutting,2,VBG
"""""story",2,NN
layout,2,NN
customer-facing,2,NN
certification,2,NN
launch,2,NN
deployment,2,NN
academicwork,2,NN
challenges,2,NNS
focused,2,VBN
focuses,2,NNS
12-week,2,JJ
biostatistics,2,NNS
access,2,NN
10-15,2,JJ
landscape,2,NN
loading,2,VBG
lake,2,NN
deeper,2,NN
derive,2,NN
changing,2,VBG
defined,2,VBN
exploring,2,VBG
correlation,2,NN
cost,2,NN
learn,2,NN
3d,2,CD
cross-team,2,NN
linear,2,NN
limited,2,JJ
caffe2,2,NN
6+,2,CD
creation,2,NN
fixes,2,NNS
lending,2,NN
leave,2,VB
covering,2,VBG
finish:,2,NN
extracting,2,VBG
familarity,2,NN
bytedance,2,NN
fluency,2,NN
extended,2,VBN
learning-based,2,JJ
export,2,NN
experimentation ,2,NN
cruise,2,NN
accuracies,2,NNS
job,2,NN
accurate,2,NN
developers,2,NNS
context,2,NN
inventory,2,NN
invent,2,NN
devops,2,NNS
intuitive,2,JJ
intersection,2,NN
causality,2,NN
addition,2,NN
dialog,2,NN
address,2,NN
contain,2,NN
interpret,2,NN
internet,2,NN
"""be",2,NN
consumer,2,NN
dimension,2,NN
adobe,2,NN
bidder,2,NN
daas,2,NN
finding,2,VBG
detection;,2,NN
jupyter,2,NN
biologists,2,NNS
fast,2,NN
junior-level,2,NN
cyber,2,NN
designed,2,VBN
made,2,VBN
acquired,2,VBN
decades,2,NNS
experiencing,2,VBG
determine,2,NN
act,2,NN
big-data,2,NN
long-term,2,JJ
cerebras,1,NNS
cell,1,NN
cash,1,NN
cohort,1,NN
stakeholder,1,NN
collecting,1,VBG
centered,1,VBN
century,1,NN
ssd,1,NN
cause,1,NN
student,1,NN
stages,1,NNS
chronic,1,NN
cfda,1,NN
standards,1,NNS
cleansing,1,VBG
chemistry,1,NN
status,1,NN
ci,1,NN
stewardship,1,NN
stochastic,1,JJ
checkout,1,NN
statistics;,1,NN
claims,1,NNS
statistician,1,NN
clean,1,NN
cleanse,1,NN
channels,1,NNS
store,1,NN
stress,1,NN
clearly,1,RB
strain,1,NN
clickstream,1,NN
closely-related,1,JJ
challenging,1,VBG
cloud-based,1,JJ
choices,1,NNS
starting,1,VBG
stream,1,NN
streamline,1,NN
streamlined,1,VBN
streams,1,NNS
maintenance,1,NN
condition,1,NN
spreadsheets,1,NNS
coordinates,1,NNS
coordinate,1,NN
sentiment,1,NN
seq2seq,1,NN
cool,1,NN
convolutional,1,NN
servers,1,NNS
serves,1,NNS
controlled,1,VBN
servicenow,1,NN
contributing,1,VBG
services!,1,NN
contracted,1,VBN
contract,1,NN
continuously,1,RB
sets:,1,NN
setup,1,NN
several,1,JJ
sharethis,1,NN
sharp,1,JJ
shipping,1,NN
consultants,1,NNS
side-by-side,1,NN
construction,1,NN
sensitive,1,JJ
sensei,1,NN
spirit,1,NN
senioritywho,1,NN
data-based,1,JJ
dashboarding,1,VBG
dashboard,1,NN
scientistsbioinformaticians,1,NNS
scikit-learnor,1,NN
cv,1,NN
scrappy,1,JJ
customize,1,NN
customers’,1,NN
seamless,1,NN
cultural,1,JJ
csceee,1,NN
criminal,1,JJ
crimes,1,NNS
creatively,1,RB
created,1,VBN
selection,1,NN
self-driven,1,JJ
self-managed,1,JJ
coursework,1,NN
self-serve,1,NN
counseling,1,VBG
costs,1,NNS
consolidate,1,NN
significant,1,JJ
significantly,1,RB
consistent,1,NN
completion,1,NN
completeness,1,NN
complete,1,JJ
sophisticated,1,JJ
complement,1,NN
competitors',1,NN
competent,1,NN
sources:,1,NN
sources;,1,NN
company's,1,NN
spaces,1,NNS
companies,1,NNS
communities',1,NN
spark;,1,NN
communities,1,NNS
specialist,1,NN
communicator,1,NN
specializing,1,VBG
specified,1,VBN
combing,1,VBG
spend,1,NN
sphere,1,RB
combines,1,NNS
complicated,1,VBN
concept,1,NN
conceptual,1,JJ
configuration,1,NN
consistency,1,NN
consider,1,VB
simulations,1,NNS
simultaneously,1,RB
simultaneously;,1,NN
sisu,1,NN
sit,1,NN
conscientious,1,JJ
connected,1,VBN
connect,1,NN
confidence,1,NN
concisely,1,RB
skills;,1,NN
skillset;,1,NN
slot,1,NN
smart,1,NN
conferences,1,NNS
snap,1,NN
snap’s,1,NN
conducting,1,VBG
substantial,1,JJ
sociology,1,NN
case,1,NN
team’s,1,NN
carrying,1,VBG
varied,1,NNS
ai-driven,1,JJ
usability,1,NN
agreement,1,NN
use-cases,1,NNS
agencies,1,NNS
affinity,1,NN
utilities,1,NNS
advertising,1,NN
advances,1,NNS
advance,1,NN
validate,1,NN
adoption,1,NN
adobeomniture,1,NN
upcoming,1,VBG
administration,1,NN
vendors,1,NNS
adept,1,NN
veradigm,1,NN
additionally,1,RB
adapt,1,NN
ad-hoc,1,NN
acumen,1,NNS
actuaries,1,NNS
actively,1,RB
virtual,1,JJ
visible,1,JJ
ups,1,NNS
up-to-date,1,JJ
carry,1,NN
unexpected,1,JJ
analysis;,1,NN
types:,1,NN
typically,1,RB
among:,1,NN
uc,1,NN
ultimate,1,JJ
aml,1,NN
uncovers,1,NNS
underpinning,1,VBG
ambiguity,1,NN
alternate,1,NN
understands,1,NNS
allow,1,VB
unusual,1,JJ
unify,1,NN
all,1,DT
unique,1,NN
uniquely,1,RB
unit,1,NN
align,1,NN
algebra,1,NN
unlimited,1,JJ
unlocking,1,VBG
unrelenting,1,VBG
aimed,1,VBN
ai-powered,1,JJ
acting,1,VBG
visualization;,1,NN
visualizationdashboards,1,NNS
15+,1,CD
willing,1,JJ
willingness,1,NN
5g,1,CD
within-budget,1,NN
40,1,CD
worked,1,VBN
360-degree,1,JJ
3-6,1,JJ
247,1,CD
21st,1,CD
2+years,1,NNS
1st,1,CD
10,1,CD
acl,1,NN
xfn,1,NN
1-5,1,JJ
1,1,CD
+,1,NN
years’,1,NN
yes,1,NNS
*,1,NN
yolo,1,NN
you’ve,1,NN
yrs,1,NN
zest,1,NN
“story”,1,NN
8+,1,CD
wider,1,NN
wide-selection,1,NN
8-10,1,JJ
visualizing,1,VBG
vital,1,NN
vocabularies,1,NNS
achieving,1,VBG
volume,1,NN
vp,1,NN
accountable,1,JJ
accomplished,1,VBN
accessibility,1,NN
warehouse,1,NN
warehouses,1,NNS
accelerated,1,VBN
waymo,1,NN
accelerate,1,NN
wearable,1,JJ
weblog,1,NN
abstract,1,NN
welfare,1,NN
[bonus],1,NN
well-defined,1,JJ
wet-lab,1,NN
:,1,:
whenever,1,NN
wherever,1,NN
whole,1,JJ
type:,1,NN
analysisdata,1,NNS
turns,1,NNS
balance,1,NN
beta,1,NN
target,1,NN
targeting,1,VBG
task,1,NN
berkeley,1,NN
benchling’s,1,NN
teach:,1,NN
team's,1,NN
becoming,1,VBG
teams',1,NN
banking,1,NN
technically,1,RB
bag,1,NN
automatic,1,JJ
backendserver,1,NN
backed,1,VBD
tell,1,NN
ba,1,NN
tensor,1,NN
b2c,1,NN
tensorflowpytorch,1,NN
tesla’s,1,NN
test*,1,NN
av,1,NN
autopilot,1,NN
autonomously,1,RB
tackling,1,VBG
biology,1,NN
biosignal,1,NN
biotech,1,NN
carpartscom,1,NN
capable,1,JJ
cancer,1,NN
such,1,JJ
campaigns,1,NNS
suggest,1,NN
suit,1,NN
calling,1,VBG
superset,1,NN
call,1,NN
california,1,NN
supplemental,1,NN
caffe,1,NN
ca,1,MD
c++python,1,NN
surveillance,1,NN
buy,1,VB
business-relevant,1,NN
business-changing,1,NN
broadly,1,RB
bridge,1,NN
boosting,1,VBG
system-level,1,NN
blue,1,NN
blend,1,NN
text-based,1,JJ
theanos,1,NNS
analystics,1,NNS
transfer,1,NN
asml,1,NN
topography,1,NN
torch,1,NN
tough,1,JJ
towards,1,NNS
as:,1,NN
articulate,1,NN
arrangements,1,NNS
arguments,1,NNS
are,1,VBP
architectures,1,NNS
aptitude,1,NN
apple,1,NN
them,1,PRP
transformation,1,NN
transformations,1,NNS
translates,1,NNS
translating,1,VBG
another,1,DT
anomalous,1,JJ
analyticsbi,1,NN
analytics:,1,NN
analyticallynumerically,1,RB
trials,1,NNS
tts,1,NN
tuning,1,VBG
top-notch,1,NN
assesses,1,NNS
toolstechniques,1,NNS
tools;,1,NN
automated,1,VBN
theories,1,NNS
autodesk's,1,NN
therapy,1,NN
therefore,1,RB
thermal,1,NN
authorization,1,NN
think,1,NN
third,1,JJ
this,1,DT
augmented,1,VBN
auditing,1,VBG
thredup,1,NN
thrives,1,NNS
throughout,1,IN
tight-knit,1,NN
tiktok,1,NN
tiktok's,1,NN
audio,1,NN
attribution,1,NN
to,1,TO
to:,1,NN
associateintermediate,1,NN
tooling,1,VBG
assisting,1,VBG
scientificengineering,1,VBG
retrieve,1,NN
data:,1,NN
oracle,1,NN
operation;,1,NN
ibm,1,NN
operationalize,1,VB
hypotheses,1,NNS
humans,1,NNS
optical,1,JJ
humanity’s,1,NN
huge,1,JJ
optimized,1,VBN
hr,1,NN
optimum,1,NN
houzz,1,NN
orchestration,1,NN
helpful,1,NN
holistic,1,JJ
histories,1,NNS
highly-scalable,1,JJ
organized,1,VBN
highlight,1,NN
our,1,PRP$
high-volume,1,NN
outside,1,IN
outstanding,1,JJ
high-performing,1,NN
oversee,1,NN
heshe,1,NN
ic,1,NN
operating,1,NN
operate,1,NN
open-source,1,NN
nontechnical,1,JJ
nose,1,RB
notebook,1,NN
notebooks,1,NNS
indexing,1,VBG
nuances,1,NNS
income,1,NN
includes:,1,NN
nurses,1,NNS
incentives,1,NNS
objective,1,NN
obtain,1,VB
obtaining,1,VBG
occasional,1,JJ
in,1,IN
imputation,1,NN
important,1,JJ
offsite,1,NN
importance,1,NN
on-target,1,NN
on-time,1,NN
imitation,1,NN
identity-related,1,JJ
identifies,1,NNS
open-minded,1,JJ
ownership,1,NN
healthier,1,NN
industry-leading,1,NN
fuel,1,NN
personalize,1,NN
gene,1,NN
petabyte,1,NN
pharmaceutical,1,JJ
phases,1,NNS
gaming,1,VBG
gained,1,VBN
gain,1,NN
fusion,1,NN
funnels,1,NNS
pilot,1,NN
full-stack,1,NN
frontendmachine,1,NN
pacs,1,NN
frontend,1,NN
plan,1,NN
front-end,1,NN
from,1,IN
freight's,1,NN
frame,1,NN
foundational,1,JJ
players,1,NNS
foster,1,NN
plenty,1,NN
forward-thinking,1,NN
formulation,1,NN
generalizable,1,JJ
persistent,1,NN
permanente,1,NN
permanent,1,NN
hbo,1,NN
pain,1,NN
have,1,VB
hardworking,1,VBG
paradigms,1,NN
hardest,1,NN
hand-in-hand,1,NN
participating,1,VBG
particular,1,JJ
gsk,1,NN
graphical,1,JJ
gradient,1,NN
partnership:,1,NN
party,1,NN
gpa,1,NN
government,1,NN
patients,1,NNS
globe,1,NN
peers,1,NNS
git,1,NN
ggplot2,1,NN
perception,1,NN
get,1,VB
generations,1,NNS
perishable,1,JJ
non-technical,1,JJ
nlu,1,NN
data;,1,NN
measures,1,NNS
life-cycle,1,NN
lies,1,NNS
learningnlp,1,NN
learninginformation,1,NN
mattertechnical,1,JJ
maturity,1,NN
max,1,NN
learningbig,1,NN
learning;,1,NN
measurable,1,JJ
leaning,1,VBG
leads,1,NNS
law,1,NN
microarchitecture,1,NN
medicare,1,NN
later,1,RB
latency,1,NN
memory,1,NN
mental,1,NN
lark,1,NN
mentoring,1,VBG
messy,1,NN
metadata,1,NNS
labs,1,NNS
labeling,1,VBG
metric,1,JJ
lighting-fast,1,NN
matching,1,VBG
likely,1,JJ
master’s,1,NN
majors,1,NNS
lstm,1,NN
makers,1,NNS
low,1,JJ
love,1,NN
looker,1,NN
long-range,1,NN
logistic,1,JJ
logging,1,VBG
mandatory,1,NN
manipulating,1,VBG
locations,1,NNS
location,1,NN
manner,1,NN
mapping,1,NN
market-facing,1,NN
llc,1,NN
live,1,JJ
litigation,1,NN
listening,1,VBG
marketplaces,1,NNS
mash,1,NN
linking,1,VBG
master,1,NN
linkages,1,NNS
labeled,1,VBN
label,1,NN
industry;,1,NN
initiative,1,NN
multi-functional,1,JJ
multi-talented,1,JJ
multi-team,1,NN
instrument,1,NN
multidisciplinary,1,NN
institution,1,NN
installed,1,VBN
inspire,1,NN
nai¨ve,1,NN
national,1,JJ
input,1,NN
navy,1,NNS
needed,1,VBN
kpi,1,NN
ingestion,1,NN
needspainpoints,1,NNS
network,1,NN
networking,1,NN
informative,1,JJ
inform:,1,NN
neuroradiologists,1,NNS
influencing,1,VBG
inferences,1,NNS
infer,1,NN
next-generation,1,NN
niche,1,NN
integrates,1,NNS
moving,1,VBG
movements,1,NNS
intensive,1,JJ
knowledge;,1,NN
know,1,VB
kaiser,1,NN
jupiter,1,NN
miningdata,1,NNS
miningtext,1,NN
missing,1,VBG
journals,1,NNS
mixture,1,NN
jobs,1,NNS
mlaas,1,NN
mldl,1,NN
javascript,1,NN
iteration,1,NN
invite,1,NN
modelingmachine,1,NN
modelling,1,VBG
models;,1,NN
interrogate,1,NN
interprets,1,NNS
modernizationintelligent,1,NN
modularity,1,NN
monitoring,1,NN
monitors,1,NNS
interactive,1,JJ
formulate,1,NN
pods,1,NNS
point,1,NN
relational,1,NN
reduce,1,VB
easy-to-use,1,NN
refinements,1,NNS
easily-understood,1,NN
easily,1,RB
registries,1,NNS
ear,1,NN
regularly,1,RB
regulated,1,VBN
regulatory,1,JJ
duty,1,NN
relates,1,NNS
dsp,1,NN
resnet,1,NN
dry-lab,1,NN
dojo,1,NN
documents,1,NNS
dives,1,NNS
reproducible,1,JJ
require,1,NN
disruptive,1,NN
displays,1,NNS
disorder,1,NN
disease,1,NN
disciplines,1,NNS
director,1,NN
redefine,1,NN
ecg,1,NN
ecosystem,1,NN
education,1,NN
engagements,1,NNS
end:,1,NN
enabling,1,VBG
empowered,1,VBN
employment,1,NN
rapidly,1,RB
rate,1,NN
rationality,1,NN
raven,1,NN
raw,1,NN
rcnn,1,NN
employ,1,NN
empathy,1,NN
emerging,1,VBG
emergent,1,NN
reality,1,NN
reasoning,1,VBG
receive,1,NN
embed,1,NN
elegant,1,NN
effort,1,NN
efficiently,1,RB
effective,1,JJ
recommendations;,1,NN
recommends,1,NNS
dimensional,1,NN
dictating,1,VBG
forms,1,NNS
samsung,1,NN
rpython,1,NN
rtl,1,NN
rule,1,NN
demonstrating,1,VBG
run-time,1,NN
demonstrable,1,JJ
sada,1,NN
safe,1,JJ
safety,1,NN
delivers,1,NNS
deliverables,1,NNS
sampling,1,VBG
deferring,1,VBG
respect,1,NN
defect,1,NN
deeply,1,NN
dedicated,1,VBN
decode,1,NN
scene,1,NN
schedule,1,NN
decision-makers,1,NNS
scheduling,1,VBG
debate,1,NN
scienceanalytics,1,NNS
deal,1,NN
database,1,NN
routines,1,NNS
root,1,NN
demonstration,1,NN
densenet,1,NN
response,1,NN
di,1,NN
devices;,1,NN
developments,1,NNS
developed,1,NN
results;,1,NN
deterministic,1,JJ
detailed,1,JJ
detail-oriented,1,JJ
rewards,1,NNS
description:,1,NN
describe,1,NN
desc,1,NN
deriving,1,VBG
deploys,1,NNS
river,1,NN
rl,1,NN
rma,1,NN
rnd,1,NN
rnns,1,NN
deployingmanaging,1,VBG
robot,1,NN
dependable,1,JJ
department,1,NN
density,1,NN
querying,1,VBG
engineer:,1,NN
engineerdeveloper,1,NN
pricing,1,NN
preference,1,NN
fit,1,NN
first-party,1,NN
prepare,1,NN
first,1,RB
finish,1,NN
presentations,1,NNS
findingsactionable,1,JJ
presents,1,NNS
pressing,1,VBG
previously,1,RB
final,1,JJ
filtering,1,VBG
quarterly,1,RB
fields:,1,NN
fieldlevel,1,NN
fermentation,1,NN
priorities,1,NNS
prioritization,1,NN
feeds,1,NNS
faster,1,NN
fast-paced,1,JJ
proactively,1,RB
families,1,NNS
problem-solving,1,NN
failure,1,NN
fleet,1,NN
flock,1,NN
flow,1,NN
predicting,1,VBG
formal,1,JJ
populate,1,NN
population,1,NN
portfolio,1,NN
foresight,1,NN
position:,1,NN
forecast,1,NN
possess,1,NN
possible,1,JJ
post-academic,1,JJ
post-silicon,1,NN
poster,1,NN
posttraumatic,1,JJ
for:,1,NN
potentially,1,RB
followed,1,VBD
powerful,1,JJ
focusing,1,VBG
powers,1,NNS
fluids,1,NNS
fluent,1,NN
pre-silicon,1,NN
precede,1,NN
precedent,1,NN
predict,1,NN
factors,1,NNS
facets,1,NNS
facebook’s,1,NN
protocols,1,NNS
es5,1,NN
equivalence,1,NN
epidemiologic,1,NN
envelope,1,NN
publication,1,NN
enthusiastic,1,JJ
publish,1,NN
entertainment,1,NN
publishing,1,NN
purchase,1,NN
purpose,1,NN
purposes,1,NNS
pushing,1,VBG
pyplot,1,NN
enterprises,1,NNS
qlik,1,NN
qualcomm,1,NN
enrichment,1,NN
qualified,1,VBN
qualitative,1,NN
enhanced,1,VBN
quantifind's,1,NN
quantifying,1,VBG
engineeringcomputer,1,NN
quantities,1,NNS
espp,1,NN
essential,1,JJ
extensible,1,JJ
establishing,1,VBG
explores,1,NNS
explainable,1,JJ
productive,1,JJ
productized,1,VBN
productizing,1,VBG
expertmaster,1,NN
product’s,1,NN
proficiency,1,NN
proficient,1,NN
proficiently,1,RB
exercising,1,VBG
profiling,1,VBG
executives,1,NNS
executing,1,VBG
executes,1,NNS
programmer,1,NN
excellence,1,NN
example,1,NN
evolving,1,VBG
evolve,1,NN
evidence-based,1,JJ
evidence,1,NN
evangelizing,1,VBG
proposed,1,VBN
estimation,1,NN
•,1,NN
